{"head/gamma_G":0.011025801301002502,"train/tokens":50790400,"val/ppl":39.321446721685035,"_runtime":2075.093386827,"head/matrices":{"width":1300,"height":400,"_type":"image-file","sha256":"d8b5976248329ed399f8728d038b4731272babd7dc7f480f75f29b345cd14f37","size":31282,"path":"media/images/head/matrices_3100_d8b5976248329ed399f8.png","format":"png"},"_wandb":{"runtime":2075},"_step":3100,"train/loss_ema":3.719950446540763,"train/lr":1.535021330175306e-05,"train/step":3100,"_timestamp":1.7768751776178575e+09,"val/loss":3.671770088134273,"train/loss":3.758731722831726}