{"_timestamp":1.7766597908222349e+09,"_wandb":{"runtime":209},"_runtime":209.150271088,"_step":0,"val/loss":4.3708236294408,"val/ppl":79.10876117933664,"train/step":0}