{"_runtime":249.262966663,"_step":100,"head/matrices":{"format":"png","width":1300,"height":400,"_type":"image-file","sha256":"4bd11bc66bebe527f4377935bb1167c02874bfa0277dd0d55509d7553881f9d3","size":31067,"path":"media/images/head/matrices_100_4bd11bc66bebe527f437.png"},"train/step":100,"_wandb":{"runtime":249},"train/loss_ema":3.8433673850801457,"head/gamma_G":0.012651432305574417,"val/ppl":47.543853309861554,"train/lr":1.6304347826086955e-05,"train/tokens":1638400,"_timestamp":1.7768727962991276e+09,"val/loss":3.8616525127041723,"train/loss":3.793659806251526}