{"_runtime": 588.043244173, "_step": 160, "val/loss": 4.4347629737854, "val/ppl": 84.33213359275905, "_timestamp": 1777316331.9193096, "train/lr_leader": 2.608695652173913e-05, "train/tokens": 2621440, "train/ce_loss": 4.329734683036804, "train/lr_follower": 2.608695652173913e-05, "train/ce_ema": 4.339702601213088, "train/div_loss": 0, "train/leader_ce": 4.300727367401123, "head/gamma_G": 0.012265077792108059, "head/matrices": {"_type": "image-file", "sha256": "704b97b5d0a35b4878a82107adedbb0c81c46ef4441dab656c6fcd5d6099a32b", "size": 39475, "path": "media/images/head/matrices_100_704b97b5d0a35b4878a8.png", "format": "png", "width": 1300, "height": 400}}