{"head/gamma_G":0.008522934280335903,"train/lr_follower":3.3793829991024536e-11,"val/ppl":56.79480966840262,"_runtime":12567.241803879,"head/matrices":{"sha256":"3460deb04f1033d871d9a665c34f1b747a4383140fc3d2ff4bd300bada2bca8d","size":38790,"path":"media/images/head/matrices_6100_3460deb04f1033d871d9.png","format":"png","width":1300,"height":400,"_type":"image-file"},"_wandb":{"runtime":12567},"_step":6104,"_timestamp":1.7770181787769752e+09,"train/lr_leader":3.3793829991024536e-11,"train/ce_loss":4.118120193481445,"train/tokens":99942400,"train/div_loss":0,"train/ce_ema":4.110088451953715,"val/loss":4.039444942474365,"train/leader_ce":4.117952346801758}