{"train/step":880,"_step":880,"_timestamp":1.7768848426796017e+09,"head/gamma_G":0.01376903522759676,"head/matrices":{"size":40446,"path":"media/images/head/matrices_800_02450bbbaebded4c9f96.png","format":"png","width":1300,"height":400,"_type":"image-file","sha256":"02450bbbaebded4c9f96033a543ff7ec9d824f818ef5e7bdeacc7625ec284265"},"train/loss_ema":3.9993197767085107,"_runtime":1162.406339416,"train/lr":2.8988436193492138e-05,"val/loss":3.9834532353185836,"train/loss":4.016730070114136,"train/tokens":14417920,"_wandb":{"runtime":1162},"val/ppl":53.70216059872642}