{"_runtime": 4460.518515627, "val/loss": 4.109708647727967, "val/ppl": 60.928963191500124, "_timestamp": 1777337261.4402668, "_step": 6104, "train/ce_ema": 4.1793795373708775, "train/lr_follower": 3.3793829991024536e-11, "train/div_loss": 0, "train/leader_ce": 4.178197383880615, "train/lr_leader": 3.3793829991024536e-11, "train/tokens": 99942400, "train/ce_loss": 4.186316728591919, "head/matrices": {"height": 400, "_type": "image-file", "sha256": "660666777877620b5d2f4c99166788075355f49ff9bf1bfbfe12886e456fd1a7", "size": 41870, "path": "media/images/head/matrices_6100_660666777877620b5d2f.png", "format": "png", "width": 1300}, "head/gamma_G": 0.009326636791229248}