{"_runtime": 4475.923532333, "val/loss": 4.086462054252625, "val/ppl": 59.52890865171234, "_timestamp": 1777355036.11835, "_step": 6104, "train/ce_ema": 4.157433349007054, "train/lr_leader": 3.3793829991024536e-11, "train/tokens": 99942400, "train/ce_loss": 4.172863960266113, "train/div_loss": 0, "train/leader_ce": 4.15352201461792, "train/lr_follower": 3.3793829991024536e-11, "head/matrices": {"height": 400, "_type": "image-file", "sha256": "d2a784805bf636f01e238ce155def8e62ea22dd5a8e48ce14993475a1823f509", "size": 42934, "path": "media/images/head/matrices_6100_d2a784805bf636f01e23.png", "format": "png", "width": 1300}, "head/gamma_G": 0.008606130257248878}