{"_runtime": 4463.44031468, "_timestamp": 1777337264.2366288, "_step": 6104, "val/loss": 4.075964140892029, "val/ppl": 58.90724810474267, "train/ce_loss": 4.155401349067688, "train/ce_ema": 4.144882566366503, "train/div_loss": 0, "train/leader_ce": 4.159793853759766, "train/lr_leader": 3.3793829991024536e-11, "train/lr_follower": 3.3793829991024536e-11, "train/tokens": 99942400, "head/gamma_G": 0.008969326503574848, "head/matrices": {"sha256": "2c24780352e6b7ad1adf69e006c859bb913bb55063731b22f4b4b3ebb16aac68", "size": 40594, "path": "media/images/head/matrices_6100_2c24780352e6b7ad1adf.png", "format": "png", "width": 1300, "height": 400, "_type": "image-file"}}