{"_timestamp":1.7769165402954721e+09,"_step":0,"_wandb":{"runtime":218},"_runtime":218.451360832,"val/loss":4.737555103917276,"val/ppl":114.15476368636484}