{"_runtime": 549.62876676, "val/ppl": 84.15355579031456, "_timestamp": 1777316332.5855565, "_step": 160, "val/loss": 4.432643175125122, "train/leader_ce": 4.317566871643066, "train/lr_leader": 2.608695652173913e-05, "train/tokens": 2621440, "train/ce_loss": 4.292816162109375, "train/ce_ema": 4.335378881323713, "train/lr_follower": 2.608695652173913e-05, "train/div_loss": 0, "head/gamma_G": 0.01237031165510416, "head/matrices": {"size": 39402, "path": "media/images/head/matrices_100_2e38b4ef6b64da4d8f0a.png", "format": "png", "width": 1300, "height": 400, "_type": "image-file", "sha256": "2e38b4ef6b64da4d8f0ad2eabfa881eabd55f9a1b56c91c6d2881b486396d103"}}