{"val/loss":4.732707946531234,"val/ppl":113.60277644566759,"_timestamp":1.7769162045846436e+09,"_step":0,"_wandb":{"runtime":220},"_runtime":220.026865994}