{"train/lambda_ldb":0.11540983606557376,"train/ce_loss":4.242375612258911,"_timestamp":1.7766606075130668e+09,"_wandb":{"runtime":260},"train/abt_loss":20.087024688720703,"_step":40,"_runtime":260.520254587,"train/tokens":655360,"train/lambda_abt":0.05868852459016393,"train/loss":1.8645352125167847,"val/ppl":79.10876117933664,"train/loss_ema":1.4407588832960212,"train/step":40,"train/lr":6.521739130434783e-06,"train/ldb_loss":-0.11741522327065468,"val/loss":4.3708236294408,"train/gamma_G":0.08431423455476761}