{"train/ce_loss":4.406810760498047,"train/ldb_loss":-0.059669747948646545,"train/lambda_ldb":0.002885245901639344,"train/tokens":16384,"train/lr":1.6304347826086958e-07,"val/loss":4.3708236294408,"_runtime":212.3710183,"_wandb":{"runtime":212},"_timestamp":1.776660902828377e+09,"train/abt_loss":28.293569564819336,"train/step":1,"train/lambda_abt":0.0014672131147540983,"train/gamma_G":0.08427320420742035,"train/loss_ema":2.136253810080234,"train/loss":2.136253810080234,"val/ppl":79.10876117933664,"_step":1}