{"train/tokens":99942400,"head/gamma_G":0.014567608013749123,"_wandb":{"runtime":9518},"val/ppl":326.93009156510027,"train/lr_leader":1.126460999700818e-10,"train/leader_ce":7.219775676727295,"train/ce_ema":5.914000917302231,"_runtime":9518.384095253,"_timestamp":1.7769266934465098e+09,"train/lr_follower":3.3793829991024537e-10,"val/loss":5.789746360778809,"train/ce_loss":5.951636075973511,"head/matrices":{"_type":"image-file","sha256":"f0b9fe7657c50b8caeae9f54a428191994261322e994d5d6de2c15f68603236a","size":38009,"path":"media/images/head/matrices_6100_f0b9fe7657c50b8caeae.png","format":"png","width":1300,"height":400},"train/div_loss":0.028630065731704235,"_step":6104}