{"train/step":6100,"_wandb":{"runtime":5145},"_timestamp":1.7768905041300633e+09,"train/loss_ema":3.7897878739774034,"train/lr":3.3793829991024536e-11,"train/loss":3.837801694869995,"val/ppl":42.35730100536024,"val/loss":3.746140803060224,"train/tokens":99942400,"head/matrices":{"_type":"image-file","sha256":"b866324eeb9ddb761664ff01a223a71bd3dc770113b922ba5a9344e5b65971a3","size":39490,"path":"media/images/head/matrices_6100_b866324eeb9ddb761664.png","format":"png","width":1300,"height":400},"_runtime":5145.591008207,"head/gamma_G":0.013165472075343132,"_step":6104}