{
  "step": [
    50,
    100,
    150,
    200,
    250,
    300,
    350,
    400,
    450,
    500,
    550,
    600
  ],
  "loss": [
    2.986509144306183,
    2.829154670238495,
    2.4367793649435043,
    1.8334732055664062,
    2.6972987055778503,
    2.3962852209806442,
    2.5085807144641876,
    2.240462079644203,
    2.6303530782461166,
    2.047607421875,
    1.9755894094705582,
    1.6781676039099693
  ],
  "loss_ema": [
    2.1787743526036185,
    2.3663872913047013,
    2.118791121278487,
    2.088335278259234,
    2.2263027194341882,
    2.175760540134099,
    2.2276549082428203,
    2.2881102027272555,
    2.205067268884809,
    2.1033455080023646,
    2.150350410834068,
    2.0218723355382795
  ]
}