{
  "step": [
    50,
    100,
    150
  ],
  "loss": [
    2.7775940895080566,
    2.597158193588257,
    2.980043649673462
  ]
}