{
  "step": [
    50,
    100,
    150,
    200,
    250,
    300,
    350,
    400,
    450,
    500,
    550,
    600,
    650,
    700,
    750,
    800,
    850,
    900,
    950,
    1000,
    1050,
    1100,
    1150,
    1200
  ],
  "loss": [
    2.605724424123764,
    2.2735695242881775,
    2.6656050235033035,
    2.5723423659801483,
    2.1367853432893753,
    2.434761643409729,
    2.1746888160705566,
    2.2627391815185547,
    2.129508003592491,
    2.334144428372383,
    2.1378432661294937,
    2.6326381266117096,
    2.2459224462509155,
    2.366521418094635,
    1.8382339626550674,
    2.5543156564235687,
    2.721017509698868,
    2.7879099249839783,
    2.09079709649086,
    3.0406266301870346,
    2.5510655343532562,
    2.4321726858615875,
    1.951677069067955,
    2.0807569324970245
  ]
}