{"_step":6104,"val/loss":3.5787965097735004,"_runtime":3466.951583904,"_wandb":{"runtime":3466},"train/lr":3.3793829991024536e-11,"train/loss":3.6463860273361206,"train/step":6100,"_timestamp":1.7766566743043735e+09,"val/ppl":35.83039336026058,"train/loss_ema":3.6200744781645704,"train/tokens":99942400}