{"train/div_loss":0.43106933683156967,"val/loss":4.714540987014771,"train/lr_follower":9.782608695652175e-06,"_runtime":550.49739785,"train/leader_ce":4.6415605545043945,"val/ppl":111.55759303590774,"train/ce_ema":4.717194127287517,"train/ce_loss":4.638608455657959,"train/lr_leader":9.782608695652175e-06,"train/tokens":983040,"_wandb":{"runtime":550},"_timestamp":1.7770489184600854e+09,"_step":60}