{"_runtime":504.919939972,"train/lr_follower":0.0002999726278199537,"train/tokens":3604480,"head/matrices":{"sha256":"938c9675e33ea4409fd74fd66243b7d3461b4a5b9b2a69cbaaf8cda5d68d04ff","size":42318,"path":"media/images/head/matrices_200_938c9675e33ea4409fd7.png","format":"png","width":1300,"height":400,"_type":"image-file"},"head/gamma_G":0.010928795672953129,"val/loss":4.309531059265137,"train/ce_ema":4.329955733179519,"_step":220,"_wandb":{"runtime":504},"_timestamp":1.776917144236936e+09,"train/lr_leader":9.999087593998458e-05,"train/div_loss":0,"train/leader_ce":4.139934539794922,"val/ppl":74.40558894641214,"train/ce_loss":4.193403005599976}