{"_wandb":{"runtime":212},"val/loss":4.3708236294408,"val/ppl":79.10876117933664,"train/step":0,"_timestamp":1.7766601961021502e+09,"_step":0,"_runtime":212.001150263}