{"train/leader_ce":5.687076568603516,"train/tokens":99942400,"train/ce_loss":5.671967506408691,"train/lr_follower":3.3793829991024537e-10,"val/ppl":234.34092968972195,"_timestamp":1.776989184712838e+09,"head/matrices":{"sha256":"11561a9c0a0c20eba3432aaee538c90b06f2e7e08b623ec946e3ce7d54afe9ca","size":38984,"path":"media/images/head/matrices_6100_11561a9c0a0c20eba343.png","format":"png","width":1300,"height":400,"_type":"image-file"},"val/loss":5.456777019500732,"_wandb":{"runtime":15374},"train/div_loss":0,"train/ce_ema":5.601740986201972,"head/gamma_G":0.013882115483283997,"_step":6104,"train/lr_leader":1.126460999700818e-10,"_runtime":15374.444208731}