{"_wandb":{"runtime":6903},"train/step":1940,"_timestamp":1.7768836738253336e+09,"train/loss":3.7696787118911743,"_step":1940,"train/loss_ema":3.8163198983562734,"_runtime":6903.218695648,"train/tokens":31784960,"train/lr":2.394507717376799e-05,"head/gamma_G":0.009170795790851116,"head/matrices":{"_type":"image-file","sha256":"4a2d8f253036ac9d355eab0543e338e798920ab0bd57c50439106217aabe8be8","size":31157,"path":"media/images/head/matrices_1900_4a2d8f253036ac9d355e.png","format":"png","width":1300,"height":400},"val/loss":3.78476962735576,"val/ppl":44.02552711331346}