{"train/ce_loss":4.236172676086426,"val/ppl":63.1543717935869,"_step":240,"train/ce_ema":4.179353703084439,"train/leader_ce":4.254756927490234,"train/lr_leader":2.9993376894286714e-05,"_runtime":599.625067037,"_wandb":{"runtime":599},"val/loss":4.145582075119019,"head/gamma_G":0.010327702388167381,"head/matrices":{"width":1300,"height":400,"_type":"image-file","sha256":"6622ef86dd3bdccc2f338f19c86109ac83817818808084ac6e3baa96cdcbe65d","size":38683,"path":"media/images/head/matrices_200_6622ef86dd3bdccc2f33.png","format":"png"},"train/lr_follower":2.9993376894286714e-05,"train/div_loss":0,"_timestamp":1.7770578310282784e+09,"train/tokens":3932160}