{"train/abt_loss":18.90431022644043,"train/tokens":99942400,"_timestamp":1.776669105710996e+09,"train/lr":3.3793829991024536e-11,"train/gamma_G":0.3765822649002075,"train/lambda_abt":0.002339869281045743,"_wandb":{"runtime":8096},"_runtime":8096.312724997,"train/ce_loss":4.119520783424377,"_step":6104,"train/loss_ema":1.3200034672961685,"train/lambda_ldb":0.0046013071895424675,"val/loss":4.023328711909633,"train/loss":-0.0006080531165935099,"train/step":6100,"val/ppl":55.88682769695336,"train/ldb_loss":-0.11752944439649582}